USER_ID,DOB_STR,STATUS,TOKEN_PREV,TOKEN,ANDRO_PREV,ANDRO
1807001,19042001,ADMIN,2766800,7022400,1306320,64192
1807002,18012005,ACTIVE,6335750,1781000,9404422,7528328
1807003,02092002,BLACKLIST,0,0,0,0
1807004,11101996,NON-ACTIVE,0,0,0,0
1808101,01011900,NON-ACTIVE,0,0,0,0
1808102,16032004,ACTIVE,4295800,2394400,6904200,7439264
1808103,04032002,ACTIVE,284350,7045800,9001538,1309480
1808104,01011900,NON-ACTIVE,0,0,0,0
1808105,01011900,NON-ACTIVE,0,0,0,0
1808107,09122004,ACTIVE,9691200,2921600,1743680,3980672
1808108,18102004,ACTIVE,6164000,1552000,8119648,9152000
1808109,21042003,ADMIN,5248600,3664800,8568152,6435104
1808110,24052003,ADMIN,7923750,565000,3031462,5936248
1808113,01011900,NON-ACTIVE,0,0,0,0
1808115,04061989,ACTIVE,5840750,1121000,2874862,7822616
1808116,21082001,ACTIVE,9507600,2676800,1691152,599104
1808118,01011900,NON-ACTIVE,0,0,0,0
1808119,24112004,ACTIVE,4638700,2851600,1382932,8134288
1808121,30071983,ACTIVE,6351075,8468100,7580003,5117572
1808122,02052005,ACTIVE,1178750,4905000,5605378,2504360
1808123,30012002,ASSOCIATE,6494450,1992600,7777166,3702888
1808124,29012000,ACTIVE,6600000,8800000,7520320,9951104
1809101,03102018,ACTIVE,6748500,8998000,1276972,6598000
1809102,08102000,ACTIVE,3000000,4000000,8540224,9731200
1809103,14122001,ACTIVE,2023700,6031600,6751852,2653296
1809104,13022003,ACTIVE,5560800,7414400,4785376,5275264
1809105,01011900,NON-ACTIVE,0,0,0,0
1809106,28122003,ACTIVE,5462200,3949600,5125320,1488672
1809107,03022017,ACTIVE,3778350,5037800,366034,7812584
1809108,24072004,ACTIVE,3230800,974400,7568944,8436160
1809109,18052003,ACTIVE,7552625,3403500,1613681,9482388
1809110,15032007,ACTIVE,833250,1111000,6079714,1871912
1809111,04122005,ACTIVE,3409500,4546000,1973412,2631216
1809112,11032000,ACTIVE,2400000,3200000,1299840,3410688
1809113,12092003,ACTIVE,7619825,3493100,3973361,8013716
1809114,01011900,NON-ACTIVE,0,0,0,0
1809115,01011900,NON-ACTIVE,0,0,0,0
1809116,18032004,ACTIVE,6596400,8795200,7517648,3356864
1809117,03022006,ACTIVE,7124300,2832400,224844,4667504
1809118,28012006,ACTIVE,9131100,2174800,8966948,6966832
1809119,23021989,ACTIVE,443150,3924200,6869106,9158808
1809120,27121998,BLACKLIST,0,0,0,0
1810101,21042004,ACTIVE,9447200,5929600,2270496,3617536
1810103,05061998,ACTIVE,1466300,5288400,6649796,4445136
1810104,12122005,ACTIVE,6908000,2544000,9596320,5505536
1810105,17012002,ACTIVE,2300750,6401000,8145998,4194664
1810106,05052006,ACTIVE,3168500,7558000,6159732,109456
1810107,27072005,ACTIVE,9688375,9584500,1864777,9169396
1810108,19042000,ACTIVE,8800000,8400000,9496704,3982592
1810111,27071987,ACTIVE,7128925,6171900,1634781,2179708
1810112,29042018,ACTIVE,3068800,758400,1795456,5906688
1810113,23052018,ACTIVE,9097750,8797000,9013526,5351368
1810114,29112005,ACTIVE,7415250,9887000,812882,3905256
1810116,17102005,ACTIVE,1685000,5580000,2498824,4968864
1810117,21022007,ACTIVE,1943350,9257800,5303862,9573048
1810118,20072006,ACTIVE,9707700,2943600,9618764,8808944
1810120,17042002,ACTIVE,2432000,6576000,6445952,1927936
1810121,13082004,ACTIVE,6112400,1483200,3837456,5116608
1810122,20062004,ACTIVE,8787600,1716800,6277392,8275008
1810123,01052006,ACTIVE,501750,669000,7852426,8814136
1810125,18052005,ACTIVE,859375,7812500,7866513,488684
1811101,01042007,ACTIVE,8882600,5176800,4288600,4062368
1811103,18031999,ACTIVE,5692825,4257100,3421721,7895628
1811104,13031999,ACTIVE,9589600,9452800,6244704,9996160
1811105,13062003,ACTIVE,9044250,2059000,9093350,1187064
1811108,07072002,ACTIVE,3675400,1567200,316152,421536
1811109,09121997,BLACKLIST,0,0,0,0
1811111,24061997,ACTIVE,1772150,5696200,3988854,6996040
1811112,03112005,ACTIVE,4697000,9596000,4783704,8589024
1811113,30081996,ACTIVE,5532800,710400,726016,7634688
1811114,29031984,ACTIVE,137600,3516800,7315712,3087616
1812101,31082005,ACTIVE,3155500,874000,7330220,1860336
1812102,23121994,ACTIVE,7015200,9353600,7219040,3686144
1812103,01011900,NON-ACTIVE,0,0,0,0
1812104,03122004,ACTIVE,886400,4515200,8075648,4100864
1812105,05122003,ACTIVE,8176000,7568000,1841792,2533376
1812106,20041996,ACTIVE,3296800,1062400,9879456,1794688
1812108,25102005,ACTIVE,1055000,4740000,7563496,6751328
1812109,14122000,ACTIVE,2200000,9600000,2058176,2244864
1812111,15112002,ACTIVE,1760150,5680200,8368790,3830712
1812112,04102002,ACTIVE,3928000,1904000,8957888,6954752
1812114,29032019,ACTIVE,4580350,2773800,5202558,8614312
1812116,21112002,ACTIVE,2443400,6591200,9714296,2036704
1812117,12102018,ACTIVE,8179500,906000,4617684,487952
1812118,29032005,ACTIVE,4677750,6237000,9570806,6094408
1812119,04042003,ACTIVE,4385100,5846800,1634508,3856912
1812120,11052004,ACTIVE,180000,240000,4224928,6022528
1812121,16042008,ACTIVE,5882400,7843200,7292128,255360
1812123,19092005,ACTIVE,2812625,7083500,2175279,4577940
1812124,31082004,ACTIVE,625600,7500800,4080832,6214656
1812125,22121998,ACTIVE,5925000,7900000,6495096,6307168
1901101,17052005,ACTIVE,3351875,7802500,2384701,6798596
1901102,31122006,ACTIVE,4104800,8806400,7580640,8429952
1901103,22101994,ACTIVE,2886500,7182000,7372132,148688
1901104,24052002,ASSOCIATE,2708000,6944000,1347424,8181632
1901105,21012004,ACTIVE,5751500,1002000,9585484,7197552
1901106,19042000,ACTIVE,1600000,8800000,2645632,8128256
1901108,19032006,ACTIVE,7299800,3066400,3066024,4088032
1901109,03072004,ACTIVE,8700900,1601200,2824932,4555856
1901110,16082005,ACTIVE,7730000,3640000,9909296,99136
1901111,06111999,ACTIVE,3812425,1749900,4802377,3575028
1901112,26012004,ACTIVE,3981600,5308800,8185952,5925504
1901113,06091992,ACTIVE,4643800,2858400,722088,962784
1901114,28011992,ACTIVE,7839600,452800,2307312,4753984
1901115,23112019,ACTIVE,350125,7133500,4098605,7120572
1901116,16072000,ACTIVE,5800000,4400000,1101120,5176704
1901117,30102005,ACTIVE,6413750,1885000,530614,7374152
1902101,01071996,ACTIVE,2239900,9653200,3892892,201424
1902102,27121995,ACTIVE,5146000,3528000,8623856,6509376
1902103,24052005,ACTIVE,7843125,457500,3876939,9798044
1902104,25102003,ACTIVE,7954000,7272000,1659056,1099456
1902105,19102001,ACTIVE,2341250,6455000,1718398,8957864
1902106,21072002,ACTIVE,4005300,5340400,3020,3307504
1902107,26032000,ACTIVE,150000,200000,5590928,7534528
1902108,03042003,ACTIVE,7963200,617600,199360,8610048
1902109,07091994,ACTIVE,6157550,1543400,1365906,1821208
1902110,05102001,ACTIVE,7307500,6410000,5164948,4769168
1902111,13092004,ACTIVE,1015700,4687600,4139668,4458640
1902112,01012005,ACTIVE,2652000,3536000,4325792,5866240
1902113,27092001,ACTIVE,8060775,747700,9415833,876876
1902114,01072003,ACTIVE,658550,4211400,3340918,2798792
1902115,19122002,ADMIN,5142000,6856000,1798288,7386816
1902116,29122003,ACTIVE,1459200,1945600,3230720,681472
1903101,08041994,ACTIVE,1314200,5085600,5097064,3182112
1903102,16091992,ACTIVE,5365200,7153600,86192,5125824
1903103,02072001,ACTIVE,9750075,3000100,6009413,3023452
1903104,13031983,ACTIVE,6323200,5097600,7552512,6574848
1903105,26102005,ACTIVE,3018750,4025000,3928574,6893864
1903106,25102005,ACTIVE,9322500,2430000,4654596,6206128
1903107,09052003,ACTIVE,8442875,4590500,4017147,3678628
1903108,11012007,ACTIVE,6337700,1783600,5812644,572240
1903109,07092003,ACTIVE,4671225,6228300,4279673,9039564
1904101,01011900,NON-ACTIVE,0,0,0,0
1904102,19062002,ACTIVE,9505800,2674400,8611960,8149280
1904103,20031991,ACTIVE,805425,1073900,3187023,4073068
1904104,11061988,ACTIVE,6750400,5667200,8991680,5322240
1904105,23072001,ACTIVE,4427625,5903500,4564073,1096332
1904106,05121999,ACTIVE,3497600,7996800,2435840,8258688
1904108,28102004,ACTIVE,8564000,4752000,13664,5029120
1904109,01011900,NON-ACTIVE,0,0,0,0
1904110,21012003,ACTIVE,8879750,5173000,7054714,571912
1904111,13062007,ACTIVE,7179150,9572200,3548942,6902040
1904112,17112018,ACTIVE,159200,3545600,4335584,7530752
1905101,05102019,ACTIVE,791750,4389000,8501318,4668424
1905102,11032002,ACTIVE,7097900,2797200,1870804,9161072
1905103,23022018,ACTIVE,3941100,5254800,5755412,2684784
1905104,22051996,ACTIVE,8024000,4032000,6856640,4153088
1905105,26042003,ACTIVE,5579500,4106000,6505836,6996880
1905106,22082002,ACTIVE,2883200,7177600,1393152,4787328
1905107,20022004,ACTIVE,8500200,1333600,2149528,9532704
1906101,04032001,ACTIVE,5570725,4094300,6845275,2528732
1906102,14032004,ACTIVE,2775800,7034400,4790008,5269088
1906103,14012002,ACTIVE,2631450,3508600,5668966,4225288
1906104,25012003,BLACKLIST,0,0,0,0
1906105,29042007,ACTIVE,323000,3764000,4696120,2039136
1906106,28081993,ACTIVE,4518800,9358400,4502160,6002880
1906107,04052003,ACTIVE,4280375,9040500,6362295,8483060
1906108,18101999,ACTIVE,4959000,6612000,8959976,9687328
1906109,11092002,ACTIVE,3954150,5272200,6958566,7366776
1907001,01011900,BLACKLIST,0,0,0,0
1907101,30102004,ACTIVE,9943000,9924000,910888,8763680
1907102,05051995,ACTIVE,3758750,8345000,2986722,2662568
1907103,26102005,ACTIVE,6461250,8615000,9819454,6885592
1907104,20041992,ACTIVE,4582400,9443200,6621568,9471872
1907105,18092019,ACTIVE,426625,7235500,3770369,8360492
1907106,07052004,ACTIVE,5939000,1252000,3499320,4665760
1907107,28051993,ACTIVE,1134125,4845500,7186131,1259076
1907108,19042002,ACTIVE,2428800,3238400,6664832,6102656
1907109,17032003,ACTIVE,3827075,8436100,6069117,8092156
1907110,06031986,ACTIVE,7083500,2778000,5326228,3768304
1907111,03121996,ACTIVE,6042400,4723200,9739808,6319744
1907112,23102004,ACTIVE,5896000,4528000,4087232,7861888
1909101,13051995,ACTIVE,298125,397500,1514893,9635908
1909103,22061990,ACTIVE,4706500,2942000,3639868,3197392
1909104,15122004,ACTIVE,8726400,1635200,3417344,432640
1909105,20032005,ACTIVE,3193125,4257500,1610971,492196
1909106,01011900,NON-ACTIVE,0,0,0,0
1909107,15042006,ACTIVE,8225600,4300800,3659968,5098240
1909108,01011900,NON-ACTIVE,0,0,0,0
1909109,11062005,ACTIVE,677750,4237000,579082,883656
1909110,28072003,ACTIVE,3508250,8011000,5922406,2081656
1910101,27031996,ACTIVE,3477100,1302800,9016172,1289968
1910102,31052019,ACTIVE,6501750,8669000,9774838,9699784
1910103,17082000,ACTIVE,6600000,8800000,8703552,3362560
1910104,12112001,ACTIVE,459800,3946400,9754136,8016416
1910105,06112003,ACTIVE,9724875,2966500,9814091,8096356
1910106,24092004,ACTIVE,3202200,4269600,7357208,4820512
1910107,29092003,ACTIVE,968175,1290900,2133137,467348
1911101,17012001,ACTIVE,7666075,6888100,7215973,7965532
1911102,29042006,ACTIVE,2781600,3708800,2669600,6892800
1911103,07101996,ACTIVE,9441000,2588000,6891496,5855328
1911104,29072014,ACTIVE,7046400,9395200,9576704,6102272
1911105,08062005,ACTIVE,4886250,6515000,1614230,1159224
1911106,13062000,ACTIVE,7400000,3200000,6265920,9967872
1911107,11051992,ACTIVE,6029000,1372000,2543432,6724576
1911108,16062004,ACTIVE,1786400,5715200,1258848,1678464
1911109,15021994,ACTIVE,9278900,5705200,8704436,3383184
1911110,19062007,ACTIVE,8941500,1922000,4692420,6256560
1911111,12051998,ACTIVE,4876750,3169000,3893810,8525080
1911112,28032006,ACTIVE,3217200,4289600,441680,4400192
1911113,24081993,ACTIVE,177400,6903200,408440,3877920
1911114,15101994,ACTIVE,1997000,5996000,2338504,6860192
1911115,10072005,ACTIVE,9701875,9602500,6364147,1492668
1911116,07102005,ACTIVE,9435000,2580000,7335304,197792
1911117,05012006,ACTIVE,4089650,8786200,1177266,1569688
1912101,02112004,ACTIVE,4107300,5476400,303964,7071952
1912102,23072003,ACTIVE,7097650,6130200,6947918,2597224
1912103,22072004,ASSOCIATE,5250300,7000400,4930564,1726544
1912104,18011999,ACTIVE,328200,437600,1347064,140320
1912105,11062005,ACTIVE,8948750,5265000,11406,8307224
1912106,28082000,ACTIVE,3200000,7600000,4962816,6617088
1912107,29042005,ACTIVE,1563000,2084000,9584392,8876576
1912108,07042007,ACTIVE,3260800,1014400,7279872,8028928
1912109,01011900,NON-ACTIVE,0,0,0,0
1912110,13112003,ACTIVE,7927250,3903000,7945298,4395368
1912111,16112004,ACTIVE,8100300,800400,9340084,9202320
2001101,06102005,ACTIVE,1653750,2205000,739574,647864
2001102,04112005,ACTIVE,9805750,9741000,5152438,3108280
2001103,01011900,NON-ACTIVE,0,0,0,0
2001104,06072001,ACTIVE,6227600,1636800,3949456,1932608
2001105,09102000,ACTIVE,2500000,0,165984,4745984
2001106,09012007,ACTIVE,4317650,9090200,654510,5772184
2002101,15022001,ACTIVE,189650,3586200,4591442,8867176
2002102,04042002,ACTIVE,5077200,6769600,6463440,8026944
2002103,28091999,ACTIVE,6038475,8051300,2155829,7885340
2002104,02062007,ACTIVE,2955600,3940800,8223952,7631936
2002105,09102001,ACTIVE,9466250,5955000,9741430,9655240
2002106,20042005,ACTIVE,6979000,5972000,5066440,4900512
2002107,19112006,ACTIVE,636650,4182200,6565098,8753464
2002108,24032020,ACTIVE,7766000,3688000,9762544,8639040
2002109,01011900,NON-ACTIVE,0,0,0,0
2002110,30012007,BLACKLIST,0,0,0,0
2003101,17062004,ACTIVE,2335800,3114400,5989576,314528
2003102,14032004,ACTIVE,4075800,5434400,3113064,4171680
2003103,20072005,ACTIVE,7175375,2900500,7772367,2040724
2003104,24052020,ACTIVE,80000,3440000,4930816,1563520
2003105,04122001,ACTIVE,504500,4006000,5278772,2049264
2003106,08031991,ACTIVE,7798350,397800,5243826,7975528
2004101,25022003,ACTIVE,593950,7458600,8733026,3345064
2004102,31051998,ACTIVE,5473500,7298000,1920804,4083792
2004103,23052001,ACTIVE,6046125,8061500,6094547,5185468
2004104,04042020,ACTIVE,3344000,7792000,1184640,3257088
2004105,19052005,ACTIVE,7009375,6012500,9823583,213420
2004106,19092006,ACTIVE,9103300,8804400,7567812,4876880
2004107,11092006,ACTIVE,2916350,7221800,8137730,2506072
2004108,23051995,ACTIVE,1947500,5930000,8725740,5010544
2005101,21082004,ACTIVE,7864400,3819200,2375728,8156736
2005102,19042002,ACTIVE,4827200,9769600,8025408,5944320
2005103,30072007,BLACKLIST,0,0,0,0
2005104,12082000,ACTIVE,8800000,8400000,1887616,9138944
2005105,19072019,ACTIVE,4749875,9666500,2487859,8338620
2005106,23052005,ACTIVE,2898750,3865000,82754,3443672
2005107,12082003,ACTIVE,5090600,120800,861736,506784
2006101,19102006,ACTIVE,5069500,3426000,3084604,5865392
2006102,16012004,ACTIVE,3338600,7784800,2970984,2283744
2006103,04072001,ACTIVE,9970075,9960100,4356325,2475100
2006104,03041985,ACTIVE,1392000,1856000,5300992,3734656
2006105,23032000,ACTIVE,2250000,3000000,7850992,9510208
2006106,19022002,ACTIVE,1185800,4914400,9860616,5174944
2006107,24052003,ACTIVE,6930375,9240500,2289849,4730700
2006108,11022003,ACTIVE,7166600,2888800,2837496,3783328
2006109,08082020,ACTIVE,7548000,64000,9844832,185088
2006110,20122000,ACTIVE,8000000,4000000,5088256,4871424
2006111,01011900,NON-ACTIVE,0,0,0,0
2006112,26042005,ACTIVE,1008000,1344000,4464640,2347776
2006113,15041999,ACTIVE,3541600,1388800,7968096,624128
2006114,21012004,ACTIVE,1090200,1453600,2975336,7300448
2006115,07022007,ACTIVE,7843250,3791000,3595058,8518120
2007101,31072005,ACTIVE,2812625,7083500,6326737,3424748
2007102,20122005,ACTIVE,6779000,2372000,2540280,4935392
2007103,12082002,ACTIVE,3751600,1668800,9218256,4353856
2007104,25032006,ACTIVE,9622400,6163200,5395712,2205184
2007105,03072006,ACTIVE,1265750,5021000,1022890,8030520
2007106,20032003,ACTIVE,5920550,1227400,98214,130952
2007107,06032006,ACTIVE,7390450,6520600,798094,8914072
2007108,17072008,ACTIVE,6501600,8668800,8130976,5830400
2007109,28022002,ACTIVE,9628700,6171600,7005412,2315216
2007110,10101996,ACTIVE,4270000,2360000,3935568,5247424
2007111,29052007,ACTIVE,6523875,8698500,4178403,5571204
2007112,17112007,ACTIVE,9875800,9834400,2737880,8661408
2008101,06082004,ACTIVE,4614400,2819200,5767296,8955136
2008102,04022007,ACTIVE,2695100,6926800,1641156,510640
2008103,01052001,ACTIVE,951125,4601500,7782613,7923812
2008104,19082005,ACTIVE,172000,6896000,1696032,2261376
2008105,27052003,ACTIVE,9105625,8807500,6676263,7743180
2009101,16122006,ACTIVE,6897400,5863200,25352,5044704
2009102,06022001,ACTIVE,5979300,7972400,1753308,2337744
2009103,17021986,ACTIVE,2224700,6299600,9107140,487088
2009104,11122004,ACTIVE,7846400,3795200,8611840,9826688
2009105,13042001,ACTIVE,5989000,4652000,7587976,5106400
2009106,23082005,ACTIVE,3883000,1844000,9944840,51744
2009107,03122004,ACTIVE,1231200,1641600,5123552,164736
2009108,21022000,ACTIVE,4400000,9200000,1700608,611712
2009109,12122005,ACTIVE,5480500,3974000,4068148,3768432
2009110,21022005,ACTIVE,557500,7410000,1587004,460240
2009111,16071994,ACTIVE,2358350,6477800,7533262,9933848
2009112,12082003,ACTIVE,4369600,2492800,6585536,436480
2010101,16042002,ACTIVE,2948600,7264800,6809464,5745952
2010102,20012002,ACTIVE,639300,852400,2701244,1387440
2010103,01111997,ACTIVE,2833575,3778100,5797465,4396620
2010104,29032004,ACTIVE,6261600,8348800,6885536,4130816
2010105,07121999,ACTIVE,5833000,4444000,1805912,903648
2010106,23062006,ACTIVE,4092200,8789600,5861160,8829984
2010107,21122006,ACTIVE,6716800,5622400,2149376,445696
2010108,05032005,ACTIVE,2941500,3922000,3358396,2822096
2010109,30081999,ACTIVE,6977600,2636800,7308736,8089216
2010110,01122002,ACTIVE,5688000,7584000,5119552,3492736
2010111,23082008,ACTIVE,2936800,582400,8046816,5915776
2011101,20012005,ACTIVE,92875,6790500,4656821,1219996
2011102,06042006,ACTIVE,6611600,2148800,3563920,1418560
2011103,29092004,ACTIVE,4686100,2914800,1026540,3598576
2011104,02022006,ACTIVE,4841600,9788800,6597760,7141248
2011105,12082003,ACTIVE,1459000,8612000,1422152,3092896
2011106,25022004,ACTIVE,5051600,68800,7603888,1517248
2011107,18122005,ACTIVE,4326500,9102000,2522652,3281328
2011108,05041987,ACTIVE,2632800,3510400,7730208,8015488
2011109,13112000,ACTIVE,2850000,3800000,2432720,6576960
2011110,09082005,ACTIVE,1355000,5140000,6213880,15456
2011111,14052008,ACTIVE,5663000,884000,9173608,7746720
2011112,20101985,ACTIVE,190000,6920000,3603536,8506816
2011113,27112002,ACTIVE,4667450,9556600,6383430,8133624
2011114,13082006,ACTIVE,8532400,8043200,9338576,860096
2011115,25122001,ACTIVE,1346000,5128000,967856,4623808
2011116,07122005,ACTIVE,8532000,1376000,9864736,8502784
2012101,24031994,ACTIVE,2725650,3634200,8347282,9473944
2012102,25082007,ACTIVE,5375400,7167200,8162600,2428064
2012103,22072007,ACTIVE,9075525,2100700,4267973,7620900
2012104,16082007,ACTIVE,2740800,3654400,7167552,9556736
2012105,21032005,ACTIVE,3005625,4007500,425927,5578804
2012106,06042003,ACTIVE,3237400,983200,2181224,403232
2012107,11072006,ACTIVE,4616050,2821400,1594510,7115112
2012108,02122006,ACTIVE,9759200,6345600,7543072,6724096
2012109,12021998,ACTIVE,5231300,308400,3255740,7674320
2012110,21062003,ACTIVE,3203500,938000,6442708,1387920
2012111,16102005,ACTIVE,9816250,9755000,5134534,1454584
2012112,18012005,ACTIVE,2302000,9736000,6538928,2051904
2012113,19041993,ACTIVE,6261200,1681600,5729232,7638976
2012114,09041989,ACTIVE,6082800,8110400,7214736,9619648
2012115,02062005,ACTIVE,83750,3445000,8472230,3692792
2101101,31082007,ACTIVE,8837700,1783600,8987204,5316272
2101102,22062006,ACTIVE,6187400,1583200,2389240,9852320
2101103,02012021,ACTIVE,2710225,280300,483887,2300948
2101104,10082004,ACTIVE,617600,4156800,3521920,1362560
2101105,16092004,ACTIVE,5813500,4418000,3467004,3699760
2101106,31122004,ACTIVE,2289600,3052800,1757632,9010176
2101107,17032007,ACTIVE,1673025,2230700,4957759,3367852
2101108,30062006,ACTIVE,5319600,7092800,1467344,5289792
2101109,18072006,ACTIVE,9901350,3201800,9889702,9852936
2101110,01042001,ACTIVE,7298000,3064000,6389936,3530816
2101111,17052003,ACTIVE,3547375,1396500,5180689,4748180
2101112,12041976,ACTIVE,9161600,5548800,2204928,3704960
2101113,07052001,BLACKLIST,0,0,0,0
2101114,29061994,ACTIVE,1598200,8797600,4845448,1449696
2101115,31102005,ACTIVE,2368750,9825000,7833874,7855464
2101116,02062005,ACTIVE,4491000,5988000,8323960,8879584
2101117,07111981,ACTIVE,5515525,4020700,1777797,2370396
2101118,14122007,ACTIVE,5045400,6727200,9511912,1026784
2101119,21121989,ACTIVE,5806400,1075200,8825280,4877824
2101120,30041981,ACTIVE,6896000,2528000,5723392,2347008
2101121,05052006,ACTIVE,5277250,3703000,9523262,6031016
2101122,28032006,ACTIVE,5910700,4547600,3947948,274832
2101123,12102006,ACTIVE,3853500,5138000,1394756,6870576
2101124,28092006,ACTIVE,8568200,4757600,6950792,4043808
2101125,21042001,ACTIVE,9525000,2700000,8873592,1831456
2101126,24092004,ACTIVE,2676200,6901600,9849576,4810336
2101127,16032008,ACTIVE,8986600,8648800,5526808,2358176
2102101,18082001,ACTIVE,3743600,8324800,3906960,5209280
2102102,14082006,ACTIVE,2403200,6537600,712960,7617280
2102103,17112002,ACTIVE,4480950,5974600,5282762,377016
2102104,10052004,ACTIVE,836000,4448000,7408352,3211136
2102105,27052007,ACTIVE,4663125,6217500,341845,9522404
2102106,01011900,NON-ACTIVE,0,0,0,0
2102107,23042007,ACTIVE,4003200,5337600,6266496,9967104
2102108,14072003,ACTIVE,7448100,9930800,5397724,4458800
2102109,05102008,ACTIVE,2174000,6232000,6827728,874560
2102110,12032007,ACTIVE,9483250,9311000,3406350,4541800
2102111,08112021,ACTIVE,8729075,4972100,7356147,9808196
2102112,27112005,ACTIVE,7372000,6496000,3529568,8605440
2102113,22122002,ACTIVE,3965400,5287200,2659112,6878816
2102114,12112007,ACTIVE,9896350,9861800,3720862,6694616
2102115,26092006,ACTIVE,2625750,3501000,3231658,2653112
2102116,21102007,ACTIVE,2919000,3892000,1018072,9701664
2102117,23122005,ACTIVE,4159000,2212000,4777576,3036768
2103101,29062004,ACTIVE,7495800,9994400,5766776,9344800
2103102,24102005,ACTIVE,6032500,4710000,6082828,3545328
2103103,07011986,ACTIVE,434850,579800,135262,1475416
2103104,23082003,ACTIVE,3283200,4377600,8303744,2239872
2103105,31122001,ACTIVE,5267000,356000,8149176,5779296
2103106,24102007,ACTIVE,3186500,7582000,5864132,2829744
2103107,29122001,ACTIVE,9672800,6230400,9424096,5735168
2103108,07072001,ACTIVE,6837700,5783600,2433596,6578128
2103109,17091990,ACTIVE,7329250,6439000,7287266,3049688
2103110,09102001,ACTIVE,2857500,3810000,1464604,8025392
2103111,13032009,ACTIVE,5834275,4445700,3517475,6345732
2103112,12122007,ACTIVE,3013600,684800,9288416,926976
2103113,18012007,ACTIVE,2415325,9887100,2698589,8035844
2104101,01121983,ACTIVE,5353200,7137600,2304752,238528
2104102,13092021,ACTIVE,7458850,6611800,7731678,8631336
2104103,10082003,ACTIVE,6992400,9323200,2974704,4356160
2104104,15092006,ACTIVE,9917200,9889600,8356368,7180608
2104105,30032005,ACTIVE,1943125,9257500,3098837,5787548
2104106,26072007,ACTIVE,4943550,6591400,657730,778792
2104107,07012002,ACTIVE,9985050,3313400,730266,973688
2104108,15122007,ACTIVE,1762400,5683200,6313120,1560704
2104109,28092008,ACTIVE,9146600,5528800,7566360,1766048
2104110,28112001,ACTIVE,9750750,3001000,8965982,3610408
2104111,16061985,ACTIVE,5410750,3881000,8717634,1623512
2105101,10092007,ACTIVE,9155225,5540300,5445145,1040436
2105102,24042007,ACTIVE,5170200,6893600,1819032,5897056
2105103,22081990,ACTIVE,5592000,7456000,3462848,7950464
2105104,14091998,ACTIVE,237600,316800,7962848,3950464
2105105,19062004,ACTIVE,1659000,2212000,5810696,7241504
2105106,24041998,ACTIVE,2488400,6651200,8163152,4104896
2105107,06052004,ACTIVE,810500,4414000,5983484,7011120
2105108,12122008,ACTIVE,3945600,5260800,2139776,458496
2105109,30102003,ACTIVE,4190250,5587000,4521174,616632
2105110,24111997,ACTIVE,8172750,897000,3093426,5802136
2105111,02102009,ACTIVE,4724250,6299000,2652570,1430536
2105112,11072005,ACTIVE,9739000,9652000,9424760,745184
2105113,23122007,ACTIVE,9311400,2415200,3080872,9096928
2105114,24011971,ACTIVE,5161050,6881400,3821478,3227128
2105115,15122005,ACTIVE,8605000,8140000,2590648,120864
2105116,12102008,ACTIVE,5496000,7328000,4219200,2696832
2105117,23081993,ACTIVE,5619100,4158800,3002084,5658544
2105118,02022007,ACTIVE,6275900,1701200,9942204,5066160
2105119,21092006,ACTIVE,5792950,4390600,1351350,124232
2106101,14122005,ACTIVE,4639500,6186000,6826868,2435824
2106102,13062001,ACTIVE,3762900,5017200,2068780,9425040
2106103,10042006,ACTIVE,9967400,6623200,5320536,8771616
2106104,28042001,ACTIVE,1767200,5689600,4808416,3566976
2106105,28122009,ACTIVE,8940500,5254000,3840724,110064
2106106,26012007,ACTIVE,9947650,9930200,9759614,298712
2106107,04122004,ACTIVE,1441200,1921600,5290960,2923584
2106108,30092001,ACTIVE,9554900,6073200,6980524,670832
2106109,12122021,ACTIVE,1278100,8370800,2885652,4474896
2106110,20072006,ACTIVE,8466500,4622000,8726980,9980208
2106111,13032005,ACTIVE,8427375,1236500,8375697,5477268
2106112,19031995,ACTIVE,4144000,2192000,9702656,8697088
2106113,07072004,ACTIVE,7601300,3468400,6603028,1174160
2106114,01052009,ACTIVE,2709750,3613000,6031242,280776
2106115,29122006,ACTIVE,2776000,368000,8171840,4229120
2106116,03072005,ACTIVE,764500,7686000,4140884,9467920
2106117,11062007,ACTIVE,8020050,693400,1065298,235368
2106118,30042009,ACTIVE,7756600,7008800,5570360,7561952
2106119,25032007,ACTIVE,6868925,2491900,1822659,2537084
2106120,07071999,ACTIVE,7947000,596000,8000760,2345248
2106121,01011900,NON-ACTIVE,0,0,0,0
2106122,21121993,ACTIVE,3638400,4851200,6877952,2503936
2106123,26062021,BLACKLIST,0,0,0,0
2106124,03091996,ACTIVE,6121200,8161600,9455856,4037056
2106125,01042004,ACTIVE,9100000,8800000,9065184,2086912
2106126,15032007,ACTIVE,3949450,1932600,646262,5872584
2106127,05092000,ACTIVE,2450000,6600000,6418000,5224000
2107101,11031996,ACTIVE,9057100,8742800,6324916,3222544
2107102,23062006,ACTIVE,5177400,6903200,2623560,1820512
2107103,04012006,ACTIVE,7094350,6125800,2060594,7758360
2107104,21052003,ACTIVE,5692000,4256000,2896928,9448960
2107105,19091996,ACTIVE,5036500,3382000,6631468,1136240
2107106,17042007,ACTIVE,835600,7780800,3288848,9396032
2107107,22062021,ACTIVE,1508150,5344200,2522058,3282120
2107108,13092007,ACTIVE,719300,4292400,2123588,7842352
2107109,19092008,ACTIVE,8686600,8248800,571016,4094688
2107110,22042006,ACTIVE,3538000,1384000,6246448,3327168
2107111,17122009,ACTIVE,3999600,5332800,9000720,4643904
2107112,22082006,ACTIVE,1539200,5385600,9263360,5684480
2107113,25052005,ACTIVE,974375,4632500,3827033,6758476
2107114,17121998,ACTIVE,4308800,9078400,1188928,8392960
2107115,23072005,ACTIVE,2764375,352500,1592233,8789644
2107116,01022009,ACTIVE,8664600,1552800,2240152,7975968
2108101,15052004,ACTIVE,6471500,1962000,8579916,3527408
2108102,07022004,ACTIVE,7377200,3169600,5360336,4486848
2108103,12022004,ACTIVE,185800,6914400,4249416,5665888
2108104,16062002,ACTIVE,4141600,2188800,8751328,8335104
2108105,03012005,BLACKLIST,0,0,0,0
2108106,01011900,NON-ACTIVE,0,0,0,0
2108107,24052005,ACTIVE,9300625,9067500,6696943,1048940
2108108,01011900,NON-ACTIVE,0,0,0,0
2108109,27122007,ACTIVE,330200,3773600,3830104,95904
2108110,23072010,ACTIVE,9027500,5370000,2571988,95984
2108111,26072000,BLACKLIST,0,0,0,0
2108112,07042007,ACTIVE,7011200,2681600,1710336,4364416
2108113,23112002,ACTIVE,4537450,2716600,5268374,4609464
2108114,15082003,ACTIVE,296200,7061600,3450760,9590112
2108115,06082006,ACTIVE,9384000,2512000,8853440,5137920
2108116,23111998,ACTIVE,2076600,2768800,6439096,1392736
2108117,20052000,ACTIVE,7750000,7000000,2421360,5093952
2108118,25071999,ACTIVE,6057050,1409400,8931418,6897656
2108119,07092006,ACTIVE,2372950,9830600,8004522,5972168
2108120,25082007,ACTIVE,3924000,5232000,8786976,4928896
2108121,30101991,ACTIVE,9318250,9091000,1709846,2709304
2108122,20061993,ACTIVE,371700,495600,6656244,6092304
2109101,04061998,ACTIVE,8577100,8102800,425676,567568
2109102,12112007,ACTIVE,2548050,3397400,7020754,617192
2109103,25081997,ACTIVE,3945100,1926800,9177204,558704
2109104,18112000,ACTIVE,9600000,2800000,7893504,2202240
2109105,14102009,ACTIVE,2883750,3845000,6146650,1782664
2109106,17122007,ACTIVE,7096800,9462400,7417440,1567488
2109107,09012010,BLACKLIST,0,0,0,0
2109108,09102008,ACTIVE,2408000,6544000,2266688,8033152
2109109,03092010,ACTIVE,1020750,1361000,8405554,448360
2109110,21042010,ACTIVE,7980000,640000,2105568,2159872
2109111,18092008,ACTIVE,3281400,4375200,4425208,2400352
2109112,11062001,ACTIVE,2872400,7163200,8975024,3022400
2109113,19042000,ACTIVE,6800000,2400000,1573888,442752
2109114,25062006,ACTIVE,7081800,9442400,7701816,4698208
2109115,14121995,ACTIVE,9207500,5610000,5144884,3526512
2109116,28082003,ACTIVE,3792800,8390400,2769824,9618432
2109117,25012001,ACTIVE,3873275,8497700,8815365,1753820
2109118,21092007,ACTIVE,5681550,7575400,379762,1149416
2109119,03052004,ACTIVE,9718500,2958000,7617252,8478768
2109120,07092008,ACTIVE,3488000,7984000,2685696,1386368
2109121,28122004,ACTIVE,4323600,5764800,4346352,7472704
2109122,25042003,ACTIVE,5318800,3758400,1931504,7586240
2109123,07021997,ACTIVE,9694150,9592200,6029498,5272200
2109124,04052007,ACTIVE,4730500,2974000,1863164,827312
2109125,26062006,ACTIVE,4387500,5850000,3471148,5350000
2109126,16092004,ACTIVE,2836200,3781600,6867432,9165856
2109127,10072006,ACTIVE,4254050,9005400,2813282,7882920
2109128,20072000,ACTIVE,6400000,5200000,3852928,3481472
2110101,13082000,ACTIVE,2200000,9600000,2739008,5307776
2110102,07032007,ACTIVE,5447650,3930200,9313634,4073944
2110103,23121975,ACTIVE,5495000,660000,8819416,8218976
2110104,08052000,BLACKLIST,0,0,0,0
2110105,11042008,ACTIVE,5712000,7616000,4209792,3935488
2110106,17081994,ACTIVE,8000400,667200,1347856,9858624
2110107,15072006,ACTIVE,9376050,2501400,6775730,5954792
2110108,07062009,ACTIVE,2559400,79200,2643928,8130528
2110109,24121998,ACTIVE,9867800,6490400,7328536,1884384
2110110,12042002,ACTIVE,1146000,1528000,4966128,1700928
2110111,02032008,ACTIVE,9053800,8738400,7067240,5566112
2110112,05102021,ACTIVE,2584000,112000,9833792,1877376
2110113,13062009,ACTIVE,2027150,6036200,5873806,2146456
2110114,01011900,NON-ACTIVE,0,0,0,0
2110115,04111998,ACTIVE,3980250,5307000,8998746,6324104
2110116,29112005,ACTIVE,9058500,2078000,9275588,944080
2110117,30082005,ACTIVE,2456000,6608000,3374400,4499200
2110118,16092004,ACTIVE,3946600,1928800,5930728,6251872
2110119,03062007,ACTIVE,105350,3473800,8495354,1984392
2110120,21062000,ACTIVE,8000000,4000000,3536896,3060096
2110121,29062008,ACTIVE,923600,4564800,64048,6752064
2110122,10062006,ACTIVE,4381400,9175200,119256,159008
2110123,10112007,ACTIVE,2311325,6415100,9125091,4478076
2110124,19012009,ACTIVE,4059700,2079600,1874380,7479024
2110125,29042001,ACTIVE,3225000,4300000,7076648,3876000
2110126,05071985,ACTIVE,3802750,1737000,6655362,6093480
2110127,08062001,ACTIVE,9649150,9532200,1207166,3379544
2110128,12022007,BLACKLIST,0,0,0,0
2110129,04032004,ACTIVE,4334100,5778800,5690900,5723664
2110130,25032007,ACTIVE,3959750,8613000,2667834,3557112
2110131,04092021,ACTIVE,9440925,2587900,1749603,4010372
2110132,01012007,ACTIVE,3493300,1324400,4838452,3117936
2110133,24102005,ACTIVE,8098750,7465000,7541438,3256280
2110134,04102003,ACTIVE,9781500,3042000,5588604,9129040
2110135,04042005,ACTIVE,2652500,6870000,9281876,935696
2110136,01011900,NON-ACTIVE,0,0,0,0
2110137,07052007,ACTIVE,8777125,8369500,6726309,8968412
2110138,22072009,ACTIVE,8796050,5061400,6987538,2339048
2111101,16032001,ACTIVE,7985725,7314300,7219267,352508
2111102,11122000,ACTIVE,1600000,8800000,2326912,9769216
2111103,25012004,ACTIVE,3502900,1337200,3267508,1023344
2111104,30032001,ACTIVE,6070400,1427200,3553664,8071552
2111105,29121999,ACTIVE,2108000,6144000,1080992,4774656
2111106,13092005,ACTIVE,2877750,3837000,5481802,5653304
2111107,11042008,ACTIVE,4620800,9494400,4125440,7156352
2111108,03062009,ACTIVE,1149400,8199200,391640,3855520
2111109,19091996,ACTIVE,2081700,2775600,1133348,6522032
2111110,04112006,ACTIVE,4854500,9806000,1233308,3300176
2111111,11081996,ACTIVE,7191600,9588800,5203664,8050880
2111112,08121988,ACTIVE,6982400,2643200,8634624,1512832
2111113,25032001,ACTIVE,7571925,95900,7229099,2972132
2111114,06082008,ACTIVE,6163200,8217600,9115520,9479936
2111115,03102004,ACTIVE,6795000,9060000,355464,473952
2111116,08102005,ACTIVE,4285000,2380000,2307256,6901856
2111117,19032008,ACTIVE,4288600,2384800,5304536,7916384
2111118,09032008,ACTIVE,3424400,7899200,9005296,351296
2111119,30122006,ACTIVE,6300600,8400800,2640840,3521120
2112101,19042009,ACTIVE,2221200,2961600,598640,5809088
2112102,22051979,ACTIVE,1606750,8809000,2897186,7771048
2112103,10122006,ACTIVE,5602200,7469600,7781096,2936736
2112104,06011989,ACTIVE,2370200,6493600,5955304,6284640
2112105,17072008,ACTIVE,8471000,4628000,1809624,2412832
2112106,27102006,ACTIVE,3627000,4836000,8430856,7059488
2112107,29032000,ACTIVE,5150000,200000,2636208,3514944
2112108,10122007,ACTIVE,7812400,7083200,8751152,9965760
2112109,07121997,ACTIVE,8394200,4525600,7398872,5123936
2112110,31081997,ACTIVE,1637000,5516000,8174968,755808
2112111,28022007,ACTIVE,9110550,2147400,6817898,2423864
2112112,19022009,ACTIVE,5887200,7849600,7418080,8235008
2112113,24071986,ACTIVE,8615450,4820600,9733786,6999816
2112114,25112006,ACTIVE,6458300,1944400,4226364,1009712
2112115,17041984,ACTIVE,1088000,4784000,1811328,2415104
2112116,03041999,ACTIVE,1771200,2361600,5098304,8191360
2112117,16082008,ACTIVE,1409600,5212800,5802688,3918848
2112118,27032003,ACTIVE,7636650,182200,4367658,5823544
2112119,14062008,ACTIVE,5760400,4347200,9149072,3854528
2112120,02032000,ACTIVE,4000000,2000000,3762432,3339008
2112121,09041978,ACTIVE,1228400,4971200,9393904,7452992
2201101,03052008,ACTIVE,873000,1164000,3669032,97056
2201102,07111998,ACTIVE,2507700,3343600,1105228,8504560
2201103,08042008,ACTIVE,4863200,9817600,4258912,2622080
2201104,13042004,ACTIVE,7068800,2758400,1514752,8686336
2201105,20041997,ACTIVE,5195500,3594000,7874668,7801072
2201106,11062009,ACTIVE,7828300,7104400,9648844,1209360
2201107,15032001,ACTIVE,7862575,7150100,3528879,6382740
2201108,17102004,ACTIVE,2724000,3632000,9999392,6665856
2201109,11052008,ACTIVE,3377000,7836000,6540696,9601504
2201110,03072001,ACTIVE,677750,4237000,1156234,8208312
2201111,24102010,ACTIVE,5232500,310000,2109172,9478896
2201112,23032009,ACTIVE,6575800,5434400,9044936,5393248
2201113,23102021,ACTIVE,3652250,8203000,7439718,9919624
2201114,02052010,ACTIVE,8977500,1970000,1401764,1442512
2201115,29112005,ACTIVE,9861875,6482500,8697331,6585540
2202101,28051994,ACTIVE,4782750,6377000,2550370,67160
2202102,19082010,ACTIVE,9322000,9096000,474864,4334144
2202103,03102006,ACTIVE,2348500,9798000,8099668,9178640
2202104,18062008,ACTIVE,3046400,7395200,1274624,6710400
2202105,08021994,ACTIVE,6245500,4994000,2649340,8123312
2202106,07042007,ACTIVE,185600,3580800,8265728,2290560
2202107,24122007,ACTIVE,6222100,4962800,1292396,9910768
2202108,25012008,ACTIVE,6648800,2198400,5413536,7218048
2202109,10122004,ACTIVE,5884400,1179200,3520368,3628608
2202110,19122000,ACTIVE,8000000,4000000,5928960,8739584
2202111,08042007,ACTIVE,9901100,6534800,7309396,4734960
2202112,30042008,ACTIVE,3372800,7830400,3715840,3346176
2202113,19102007,ACTIVE,8170750,7561000,8878082,3151656
2202114,18072009,ACTIVE,9090650,5454200,7608410,5155448
2202115,16102003,ACTIVE,1358750,5145000,9584994,3864872
2202116,28022008,ACTIVE,9755200,9673600,2911168,6096640
2202117,05052006,ACTIVE,898250,4531000,8824394,9868104
2202118,06081994,ACTIVE,1331200,8441600,6595072,1184768
2203101,01072008,ACTIVE,870200,4493600,2081208,4452512
2203102,03112007,ACTIVE,2103050,6137400,7723914,298552
2203103,02081997,ACTIVE,8747600,4996800,216528,1966272
2203104,17102006,ACTIVE,6768000,9024000,8981120,1336704
2203105,15022009,ACTIVE,4844250,6459000,9120986,7172216
2203106,15072004,ACTIVE,7330600,6440800,7548840,6579744
2203107,21042006,ACTIVE,3515600,8020800,3326032,5543488
2203108,21022006,ACTIVE,2833200,3777600,3974448,5299264
2203109,03092008,ACTIVE,3246600,4328800,3503992,5306208
2203110,27072005,ACTIVE,638750,4185000,5755234,6017880
2203111,08031975,ACTIVE,7000625,2667500,3817551,1554796
2203112,12122008,ACTIVE,6358400,1811200,6640128,7791360
2203113,18052005,ACTIVE,5811875,1082500,6807075,7568764
2203114,07041999,ACTIVE,2444800,9926400,2435584,1591680
2203115,30042001,ACTIVE,5569500,7426000,2201636,2053584
2203116,23032005,ACTIVE,8695500,1594000,3153996,5882896
2204101,13011995,BLACKLIST,0,0,0,0
2204102,17042006,ACTIVE,5701600,4268800,4115296,6168704
2204103,12112008,ACTIVE,6373800,8498400,5201576,268768
2204104,03042010,ACTIVE,7072000,6096000,7210880,2947840
2204105,23072003,ACTIVE,5282875,3710500,8260283,2297820
2204106,22012008,ACTIVE,971600,4628800,3755088,6684352
2204107,24032001,ACTIVE,60075,80100,3689003,8392860
2204108,18012008,ACTIVE,9688800,2918400,5446240,4394112
2204109,26102001,ACTIVE,4776750,6369000,5487150,7316200
2204110,21112007,ACTIVE,2330250,3107000,4880266,3471176
2204111,13041999,ACTIVE,3080200,773600,3743096,9998304
2204112,20112008,ACTIVE,3475200,4633600,8513536,8018048
2204113,29092000,ACTIVE,1550000,5400000,7018832,2691776
2204114,13022008,ACTIVE,2600800,134400,1742880,4321024
2204115,04031992,ACTIVE,6183000,8244000,5661144,5870624
2204116,13112004,ACTIVE,8046800,4062400,8136880,7515840
2204117,22022007,ACTIVE,9185850,2247800,4439994,9047304
2204118,12072007,ACTIVE,8265650,4354200,6788018,2384024
2204119,28072007,ACTIVE,1403325,1871100,3336253,5529860
2204120,20062007,ACTIVE,5218000,3624000,8562000,1416000
2204121,21122003,ACTIVE,9035200,8713600,2952640,603520
2204122,30092009,ACTIVE,5083150,3444200,1731214,5992344
2205101,06102006,ACTIVE,9684500,6246000,2476564,4998544
2205102,07102009,BLACKLIST,0,0,0,0
2205103,08091986,ACTIVE,8838650,5118200,614010,818680
2205104,31071998,ACTIVE,8944800,1926400,6736160,2314880
2205105,21102006,ACTIVE,5497500,7330000,3109404,5823440
2205106,25101999,ACTIVE,1435500,1914000,5027220,1619472
2205107,31072003,ACTIVE,4608025,2810700,7889305,7185740
2205108,05042005,BLACKLIST,0,0,0,0
2205109,29032008,ACTIVE,5402200,3869600,9776984,4691744
2205110,21122006,ACTIVE,8064000,752000,4085120,8780160
2205111,27072007,ACTIVE,4209425,8945900,7545967,9916908
2205112,07022008,ACTIVE,8726400,1635200,4540160,7257984
2205113,12032010,ACTIVE,8394250,7859000,7645322,1440200
2205114,23102009,ACTIVE,5364500,486000,4242924,5657232
2205115,20122007,ACTIVE,7934500,7246000,9908900,99664
2205116,01052001,ACTIVE,5368500,7158000,1986484,7329552
2205117,04092007,ACTIVE,7523825,3365100,817423,9434132
2205118,23112008,ACTIVE,6822800,2430400,7258512,8644416
2205119,13022008,ACTIVE,2686800,3582400,9871184,149952
2205120,21062008,ACTIVE,8192000,4256000,9896704,6782592
2205121,23102010,ACTIVE,9232500,2310000,8238220,7650960
2205122,11102006,ACTIVE,6559000,5412000,1198744,57440
2205123,07091997,ACTIVE,3077425,769900,3748913,8331884
2205124,26081989,ACTIVE,4129600,2172800,9475008,4310912
2205125,09072008,ACTIVE,7275000,9700000,9080312,2882016
2206101,22102009,ACTIVE,6006750,8009000,3554722,1406296
2206102,23042009,ACTIVE,3462400,1283200,4155136,2206848
2206103,17012001,ACTIVE,7258225,6344300,4996751,8318100
2206104,03101992,ACTIVE,3136000,848000,3905024,9782400
2206105,17092010,ACTIVE,8533750,8045000,9831798,4786632
2206106,28031997,ACTIVE,5674450,4232600,4280750,5926296
2206107,28011998,ACTIVE,5709950,946600,740610,5657384
2206108,10011986,ACTIVE,7314600,9752800,6771112,950048
2206109,25032009,ACTIVE,9016225,8688300,1666337,5555116
2206110,27051992,ACTIVE,3570000,4760000,7453232,1593408
2206111,29122009,ACTIVE,3109600,812800,5889952,2124928
2206112,19032010,ACTIVE,3912000,5216000,104896,8484096
2206113,17092008,ACTIVE,1436200,8581600,4778456,6940256
2206114,23012009,ACTIVE,5167950,6890600,37198,8251032
2206115,24062008,ACTIVE,234000,312000,6838800,795968
2206116,06092009,ACTIVE,4510700,9347600,8485140,5331344
2206117,11091997,ACTIVE,51575,3402100,8892535,8523380
2206118,23032006,ACTIVE,2633300,6844400,8330068,9450992
2206119,02062010,ACTIVE,1325500,8434000,3536708,6371376
2206120,25052003,BLACKLIST,0,0,0,0
2206121,25061988,ACTIVE,6324600,8432800,6298616,3409056
2206122,16022010,ACTIVE,6823000,5764000,7244072,2992096
2206123,29042009,ACTIVE,9472600,9296800,8539736,1925216
2206124,21121999,ACTIVE,5830400,1107200,8657152,9887104
2206125,24042010,ACTIVE,8375000,4500000,8047960,9247584
2207101,18062003,ACTIVE,7699350,265800,7729258,6972344
2207102,17072008,ACTIVE,8440400,4587200,5805104,5571392
2207103,10022009,BLACKLIST,0,0,0,0
2207104,09022006,ACTIVE,1801600,9068800,6101504,1468672
2207105,21062008,ACTIVE,7618000,6824000,2350000,1477568
2207106,23102011,ACTIVE,2019500,6026000,1706668,6025072
2207107,22061994,ACTIVE,5669100,7558800,8897644,9792240
2207108,10122007,ACTIVE,1312400,5083200,7892240,3856320
2207109,04122009,ACTIVE,244900,6993200,1367076,1822768
2207110,18082009,ACTIVE,2564000,6752000,4810336,3564416
2207111,10122010,ACTIVE,969000,1292000,7188312,1261984
2207112,08052005,ACTIVE,735000,980000,2639080,6459424
2207113,28102009,ACTIVE,7702750,6937000,3383774,9522600
2207114,09092009,ACTIVE,3676550,8235400,881158,480888
2207115,05012010,BLACKLIST,0,0,0,0
2207116,03072003,ACTIVE,5353700,471600,1862756,827856
2207117,18051989,ACTIVE,6437375,1916500,793473,5586900
2207118,08082001,ACTIVE,9014800,8686400,5198224,1369664
2207119,25072008,ACTIVE,6333800,1778400,6566808,433312
2207120,27082008,ACTIVE,8656000,8208000,8155136,760448
2207121,17092010,ACTIVE,1031750,4709000,1210554,6708360
2208101,24032010,ACTIVE,3657250,1543000,285278,2931160
2208102,27022008,ACTIVE,554400,739200,6448032,274944
2208103,23121993,ACTIVE,3266600,7688800,7257512,3634848
2208104,03102008,ACTIVE,864000,1152000,7574528,1755136
2208105,09012008,ACTIVE,7353000,9804000,391896,8844960
2208106,18012000,ACTIVE,7900000,7200000,4193056,579840
2208107,24062007,ACTIVE,9221050,8961400,5254842,9638408
2208108,03082001,ACTIVE,8478800,4638400,114864,153152
2208109,14122004,ACTIVE,4964400,6619200,6829392,7539008
2208110,22102009,ACTIVE,492500,3990000,3524692,5278608
2208111,04082011,ACTIVE,2370600,3160800,5587928,5860960
2208112,17022004,ACTIVE,2563200,3417600,2448000,1586432
2208113,17081994,ACTIVE,804200,4405600,472344,6015072
2208114,07032009,ACTIVE,4263850,2351800,3635498,8180664
2208115,01011900,NON-ACTIVE,0,0,0,0
2208116,16012008,ACTIVE,3997600,1996800,9559840,9413120
2208117,01062005,ACTIVE,9010750,8681000,2500798,8323496
2209101,06112010,ACTIVE,1843250,5791000,5794226,2736536
2209102,19102010,ACTIVE,815000,4420000,3616664,8155552
2209103,31082022,ACTIVE,8972600,5296800,6755384,2340512
2209104,26022021,ACTIVE,1365600,1820800,866144,6165760
2209105,18041998,ACTIVE,4147000,2196000,7053000,7240864
2209106,25052009,ACTIVE,227750,3637000,9372250,7481864
2209107,18052008,ACTIVE,3611000,8148000,6414712,5219616
2209108,09122006,ACTIVE,8179200,905600,9862656,5172224
2209109,17092008,ACTIVE,4006600,2008800,6626488,5501984
2209110,05092007,ACTIVE,1499750,5333000,4106726,486536
2209111,12112003,ACTIVE,4247725,2330300,2642221,189628
2209112,20091998,ACTIVE,9202800,2270400,9838576,8537664
2209113,09092003,ACTIVE,7292325,9723100,3961179,6959140
2209114,21052008,ACTIVE,5042000,56000,2860368,2136256
2209115,24101997,ACTIVE,1191250,8255000,4997202,9981928
2210101,14092001,ACTIVE,627175,7502900,2207257,9609676
2210102,30042009,BLACKLIST,0,0,0,0
2210103,12102004,ACTIVE,3009000,4012000,3345304,2804640
2210104,04102008,ACTIVE,8304000,1072000,1397632,207744
2210105,07052010,ACTIVE,8268750,1025000,9421234,9094120
2210106,23122010,ACTIVE,2924000,7232000,2108000,2178432
2210107,11062008,ACTIVE,2721200,6961600,3352528,1136704
2210108,15102007,ACTIVE,4477000,2636000,9335096,864736
2210109,21082006,ACTIVE,989400,1319200,6793128,735072
2210110,05102009,ACTIVE,4767500,9690000,5890292,9509488
2210111,28102010,ACTIVE,32500,6710000,886516,8796176
2210112,01032004,ACTIVE,1724800,8966400,9340544,5787392
2210113,26062022,ACTIVE,3684700,1579600,6531036,9614384
2210114,05042009,ACTIVE,3806800,1742400,9006896,5342528
2210115,15072004,ACTIVE,8061500,4082000,7437500,3394864
2210116,16062010,BLACKLIST,0,0,0,0
2210117,02032009,ACTIVE,8485925,4647900,2020955,7705508
2210118,22102008,BLACKLIST,0,0,0,0
2210119,26102008,ACTIVE,3174000,4232000,3667440,6567488
2210120,24112001,BLACKLIST,0,0,0,0
2210121,28052006,ACTIVE,4562250,6083000,3478218,4637624
2210122,18032005,ACTIVE,4617250,2823000,4021922,7948968
2210123,19102007,ACTIVE,7398250,6531000,4283158,5944888
2210124,18042006,ACTIVE,8119200,825600,2709856,279808
2210125,12062000,ACTIVE,2500000,0,5892640,3798912
2210126,17062021,ACTIVE,7911700,7215600,5224852,3011728
2210127,22091988,ACTIVE,4865300,9820400,5858028,511728
2210128,26112010,ACTIVE,2836000,448000,303584,3738112
2212101,24092010,ACTIVE,6371750,1829000,9783130,5256456
2212102,24072009,ACTIVE,6277950,8370600,2325442,9767256
2212103,25082008,ACTIVE,6746400,8995200,5075424,6767232
2212104,31122007,ACTIVE,9931200,3241600,6085184,6875520
2212105,10122003,ACTIVE,9988500,3318000,8161900,773232
2212106,01071996,ACTIVE,8489400,1319200,2806584,5419680
2212107,19022008,ACTIVE,2280400,9707200,933424,7911232
2212108,18101994,ACTIVE,2754000,3672000,1897136,5862848
2212109,12112005,ACTIVE,1819625,5759500,4438377,7595404
2212110,26102000,ACTIVE,5000000,0,8413248,7104768
2212111,18102000,ACTIVE,6500000,2000000,8621344,160640
2212112,14012002,ACTIVE,3080800,774400,2796128,9583360
2212113,02112010,ACTIVE,9912250,9883000,8251066,654344
2212114,24022009,ACTIVE,3945900,5261200,137516,4805744
2212115,23062002,ACTIVE,5358500,478000,4573092,547408
2212116,22092002,ACTIVE,164600,3552800,1898248,7447200
2212117,07092004,ACTIVE,9107900,5477200,4275268,4044592
2212118,03072010,ACTIVE,9629500,9506000,6664644,8886192
2212119,20052002,ACTIVE,7179250,6239000,9015666,6301544
2212120,25012007,ACTIVE,5903000,1204000,8774936,3289184
2212121,20072009,ACTIVE,6409725,8546300,4043267,9598076
2212122,01011900,NON-ACTIVE,0,0,0,0
2212123,10082003,ACTIVE,4808400,6411200,6497968,7008192
2212124,12022007,ACTIVE,2066200,9421600,5851800,9479968
2212125,16102005,BLACKLIST,0,0,0,0
2212126,13082003,ACTIVE,425800,7234400,1343032,9865056
2212127,22062011,ACTIVE,1525650,2034200,1249006,6654440
2212128,06102009,ACTIVE,2024000,6032000,5142080,189440
2212129,24042012,ACTIVE,6056400,8075200,4736976,328896
2212130,18032010,ACTIVE,4692500,9590000,7383572,1500528
2212131,15112007,ACTIVE,8891025,1854700,9036433,7037676
2212132,19041984,ACTIVE,518400,691200,8339840,2191744
2301101,18122002,ACTIVE,5195800,3594400,9391976,7533536
2301102,29102007,ACTIVE,8020500,694000,3196692,4060176
2301103,24092009,ACTIVE,3968725,1958300,6530133,6260452
2301104,21112009,ACTIVE,9593200,9457600,5925104,2911040
2302101,11041997,ACTIVE,639600,852800,9385200,4191168
2302102,28072007,ACTIVE,8452850,4603800,9916786,8211480
2302103,17102007,ACTIVE,9928250,6571000,8113082,4150776
2302104,27032009,ACTIVE,1148600,4864800,3776328,9932192
2302105,08022003,ACTIVE,4127250,5503000,3280110,4373480
2302106,23042005,ACTIVE,7904000,3872000,4873216,5158144
2302107,26101993,ACTIVE,9043250,5391000,8646222,3439000
2302108,20022001,ACTIVE,7212200,2949600,5452200,7269600
2302109,20022004,ACTIVE,8597400,1463200,8374248,3801632
2302110,14022009,ACTIVE,8678500,8238000,6520092,371024
2302111,25062013,ACTIVE,2759850,3679800,4272086,707016
2302112,25012005,ACTIVE,7452000,9936000,6857504,5845760
2302113,11012005,ACTIVE,5244875,326500,9772981,9697308
2303101,04072008,ACTIVE,8450200,7933600,1407512,1434848
2303102,15021997,ACTIVE,9607100,6142800,8297028,7259728
2303103,17062000,ACTIVE,3700000,1600000,3104032,9127808
2303104,10012004,ACTIVE,6227200,4969600,9935232,3246976
2303105,01072010,ACTIVE,3526250,8035000,3528086,6359880
2303106,26062004,ACTIVE,7334800,6446400,305520,407360
2304101,21112006,ACTIVE,3990950,8654600,8297510,3925752
2304102,06031994,ACTIVE,3606300,4808400,7597412,3463216
2304103,08092003,ACTIVE,5284575,7046100,4237345,2650836
2304104,16042006,ACTIVE,8043200,4057600,1791552,4256128
2304105,17122011,ACTIVE,4062000,5416000,7785904,9596992
2304106,14062008,ACTIVE,6949600,5932800,6551456,6253824
2304107,20021982,ACTIVE,999100,7998800,4539460,4396848
2304108,06072011,ACTIVE,9779700,3039600,8846324,5128432
2304109,20062011,ACTIVE,6453550,5271400,3335250,2769432
2304110,24122009,ACTIVE,8771000,5028000,8083784,4111712
2304111,18052008,ACTIVE,2503000,4000,8626392,5143008
2304112,07071999,ACTIVE,6957200,2609600,9007472,2979136
2304113,16061997,ACTIVE,7863450,484600,3580262,8537848
2304114,18062008,ACTIVE,2962400,7283200,6375968,1834624
2304115,01011900,NON-ACTIVE,0,0,0,0
2304116,09012009,BLACKLIST,0,0,0,0
2304117,14091997,ACTIVE,5904075,7872100,3942475,3600868
2304118,31032005,ACTIVE,5027750,37000,1015514,1957512
2304119,17012009,ACTIVE,9308825,5745100,5062119,8427060
2304120,06092001,ACTIVE,7161000,9548000,1489448,1325600
2304121,02082007,ACTIVE,2269200,3025600,6453648,8604864
2304122,03012004,ACTIVE,1844600,5792800,6146696,1528928
2304123,17021986,ACTIVE,8622700,8163600,1642604,7201040
2304124,08122002,ACTIVE,5759200,4345600,6714720,9369472
2304125,09052003,ACTIVE,2453125,9937500,9443717,719908
2304126,21022009,ACTIVE,4983100,3310800,2024508,2699344
2304127,02052007,ACTIVE,388375,7184500,2046953,2259828
2304128,24032010,ACTIVE,5328000,7104000,8515072,9697664
2304129,16102010,ACTIVE,667500,890000,6200340,8267120
2304130,17082007,ACTIVE,9051000,2068000,1209464,1698912
2304131,04072009,ACTIVE,5056975,3409300,5330255,6204524
2304132,11052010,ACTIVE,9995000,6660000,5171464,3561952
2304133,03032010,ACTIVE,5014250,19000,6699158,3943112
2304134,06032008,ACTIVE,4477200,5969600,9824656,5201088
2304135,01052009,ACTIVE,7268125,6357500,9189731,9380988
2304136,02082008,ACTIVE,9196800,2262400,9151104,2201472
2305101,29082007,ACTIVE,5632700,843600,6811716,9082288
2305102,25032009,ACTIVE,1880550,2507400,1286246,3274104
2305103,24081995,ACTIVE,2871000,3828000,7970728,1028128
2305104,30042004,ACTIVE,2108800,9478400,4062336,2905984
2305105,05022002,ACTIVE,3426500,7902000,6650948,2201264
2305106,02062007,ACTIVE,1725900,2301200,6914124,7426032
2305107,17052010,ACTIVE,6926250,9235000,2395946,8205496
2305108,08042004,ACTIVE,4817600,9756800,3446464,1261952
2305109,24061997,ACTIVE,4770850,3027800,2083294,8878040
2305110,14092002,ACTIVE,3378500,7838000,1873988,7509552
2305111,17112001,ACTIVE,3045075,4060100,8120403,9149636
2305112,29092004,ACTIVE,7834400,3779200,1788704,7395840
2305113,28011998,ACTIVE,1567050,2089400,4366262,9155016
2305114,14102005,ACTIVE,2227500,2970000,758828,622192
2305115,09072007,ACTIVE,4695125,9593500,3723733,9954076
2305116,04102003,ACTIVE,7031000,2708000,5065640,4879776
2305117,06032008,ACTIVE,2428600,9904800,7150408,2121888
2305118,30121997,BLACKLIST,0,0,0,0
2305119,11041999,ACTIVE,6290800,5054400,6717456,7279040
2305120,18012009,ACTIVE,5236000,3648000,1122720,6825472
2305121,24012006,ACTIVE,6890450,2520600,7166930,5433192
2305122,29101981,ACTIVE,6066500,1422000,341820,2133328
2305123,07012009,ACTIVE,2067525,2756700,4242363,7334052
2305124,05122005,ACTIVE,7648000,6864000,9709312,7934848
2305125,01021990,ACTIVE,5437500,7250000,4304444,750160
2306101,13052003,ACTIVE,2146125,2861500,6551219,3745860
2306102,30052023,ACTIVE,2859750,3813000,7819930,7874056
2306103,08122004,ACTIVE,9354800,5806400,7620688,1494848
2306104,24042007,ACTIVE,6930400,5907200,4637152,2849536
2306105,05041994,ACTIVE,4266000,5688000,986768,1995840
2306106,16111972,ACTIVE,3003400,671200,8984056,9677024
2306107,07032003,ACTIVE,1602725,5470300,3036965,7382620
2306108,10062011,ACTIVE,4302600,5736800,1984776,3998496
2306109,25052010,ACTIVE,1733750,5645000,8758794,4966472
2306110,05021997,ACTIVE,7915500,554000,9873684,4842480
2306111,01072011,ACTIVE,3380525,7840700,2631341,8519356
2306112,12082006,ACTIVE,7539200,3385600,5518592,9013888
2306113,29012012,ACTIVE,2917700,7223600,7653948,6439600
2306114,01121995,ACTIVE,1372000,8496000,2126432,476288
2306115,11042005,ACTIVE,4410000,5880000,286192,8725824
2306116,09052008,ACTIVE,7028000,2704000,8683552,8244736
2306117,13062006,ACTIVE,6132900,8177200,977444,6314160
2306118,20052008,ACTIVE,4774000,3032000,8680432,8240576
2306119,02122008,ACTIVE,5480800,3974400,2725920,3010304
2306120,22022012,ACTIVE,3896000,8528000,8495808,6994688
2307101,01042009,ACTIVE,1306200,1741600,5616040,2490144
2307102,18072004,ACTIVE,4630200,6173600,9433400,7588768
2307103,28072007,ACTIVE,1245525,1660700,9003435,2962716
2307104,09082010,ACTIVE,2544000,3392000,6033152,5267328
2307105,26022006,ACTIVE,304500,406000,1351564,6498544
2307106,04122007,ACTIVE,4051800,5402400,9044392,7919008
2307107,04042009,ACTIVE,4590900,6121200,4209076,3956336
2307108,30012004,ACTIVE,8124400,7499200,1519216,8692288
2307109,13072008,ACTIVE,551800,7402400,6305544,8237472
2307110,30012013,ACTIVE,7262250,9683000,8678186,4904248
2307111,21072008,ACTIVE,3372200,7829600,9309656,5746208
2307112,09042010,ACTIVE,16000,6688000,5929216,4572288
2307113,21061993,ACTIVE,4135550,8847400,3820418,9895208
2307114,10121989,ACTIVE,3433400,7911200,6913976,2551968
2307115,28061986,ACTIVE,6615500,2154000,1544652,2059536
2307116,24082011,ACTIVE,3493600,1324800,1785696,2380928
2307117,28112009,ACTIVE,6421725,8562300,1569885,2093180
2307118,09052006,ACTIVE,6745500,8994000,4464028,5703728
2307119,07042008,ACTIVE,713600,4284800,2503296,4984704
2307120,23052008,ACTIVE,3760000,1680000,4125696,9466368
2307121,12072006,ACTIVE,5513150,684200,2502590,6670120
2307122,17102009,ACTIVE,4048500,5398000,957068,2035440
2307123,29032011,ACTIVE,2810925,3747900,4556461,3902916
2307124,14112007,ACTIVE,4869100,3158800,8571412,8095216
2307125,01011900,NON-ACTIVE,0,0,0,0
2307126,12032009,ACTIVE,5902150,4536200,7718970,8030472
2307127,11112008,ACTIVE,8064200,4085600,5538888,9062752
2307128,09082000,ACTIVE,1600000,8800000,9001728,6320128
2307129,09072001,ACTIVE,4918225,3224300,2240559,4664980
2307130,06082001,ACTIVE,1368000,1824000,1807680,2557056
2307131,10092009,ACTIVE,3761825,8349100,4310879,7403604
2307132,06072002,ACTIVE,456600,608800,2743400,6991200
2307133,31121998,ACTIVE,1963600,9284800,4568656,3886656
2307134,15042014,ACTIVE,9436800,2582400,5922176,3737728
2307135,28072023,ACTIVE,8865125,5153500,4880667,6507556
2308101,20012013,ACTIVE,2376475,9835300,3744357,3329956
2308102,02012009,ACTIVE,146850,195800,5842910,5520984
2308103,22122009,ACTIVE,3133300,844400,3183116,9255056
2308104,30072023,ACTIVE,8219800,7626400,2506088,6674784
2308105,15012009,ACTIVE,7703375,3604500,6129713,5138580
2308106,24052006,ACTIVE,4698500,9598000,1724804,9334224
2308107,08012009,ACTIVE,5980225,4640300,3831617,6525140
2308108,06122005,ACTIVE,66000,88000,1505104,6995904
2308109,30042008,ACTIVE,5989600,4652800,7685600,3580800
2308110,12092000,ACTIVE,8500000,8000000,5118752,158336
2308111,07042006,ACTIVE,4348800,5798400,4317056,7411840
2308112,24041997,ACTIVE,2955200,7273600,2096832,4473344
2308113,03092009,ACTIVE,9736975,9649300,5210865,6947820
2308114,01082010,ACTIVE,6754000,5672000,5855792,1141056
2308115,29102007,ACTIVE,5491250,655000,4659022,2878696
2308116,26042008,ACTIVE,3110400,4147200,9947392,6715008
2308117,29101992,ACTIVE,5658000,7544000,4419824,9226432
2308118,22111997,ACTIVE,9533950,9378600,1001602,320296
2308119,07021997,ACTIVE,7619950,6826600,1534958,1264920
2309101,28072000,ACTIVE,50000,3400000,6669520,5559360
2309102,20022010,ACTIVE,7493000,3324000,8609784,3157280
2309103,12062006,ACTIVE,4746100,2994800,9453684,5717520
2309104,06061999,ACTIVE,679200,905600,4702048,2936064
2309105,09082008,ACTIVE,3724000,1632000,95584,5116544
2309106,14031984,ACTIVE,3910400,8547200,8271104,3960960
2309107,27122009,ACTIVE,8810200,8413600,9302744,907872
2309108,12072009,ACTIVE,4639300,2852400,9030332,1271088
2309109,26112000,ACTIVE,7850000,3800000,5108112,9834048
2309110,17042010,ACTIVE,4980000,6640000,5336352,9529728
2309111,21042006,ACTIVE,9478800,2638400,4703856,6271808
2310101,16032004,ACTIVE,4692900,6257200,4500700,3977264
2310102,06122006,ACTIVE,954800,4606400,4009552,4632128
2310103,04122011,ACTIVE,2185700,6247600,171932,3562576
2310104,19042006,ACTIVE,83200,6777600,2819456,7092608
2310105,07042007,ACTIVE,7448000,3264000,9261376,9015168
2310106,11072010,ACTIVE,1326500,5102000,5484252,1010096
2310107,25102004,ACTIVE,1751000,5668000,7042264,2266080
2310108,21112009,ACTIVE,6193900,4925200,8934252,3589904
2310109,11012023,ACTIVE,7357525,6476700,6607957,1167588
2310110,19022004,ACTIVE,3046000,728000,962416,372544
2310111,17052007,ACTIVE,5068875,6758500,2224843,9633124
2310112,11032005,ACTIVE,8556000,1408000,6126240,6798976
2311101,05022009,ACTIVE,1781850,2375800,5553958,5749512
2311102,19042003,ACTIVE,1040800,8054400,8796320,5061760
2311103,19061998,ACTIVE,1536300,2048400,1080788,3096816
2311104,07022006,ACTIVE,5241600,6988800,6800000,2567296
2311105,02122000,ACTIVE,9000000,2000000,2340288,5202048
2311106,23101997,ACTIVE,4176500,8902000,4806004,5247760
2311107,26072010,ACTIVE,9251750,5669000,9019226,1285896
2311108,04052013,ACTIVE,1491500,5322000,5680596,9251696
2312101,16042005,ACTIVE,7471500,9962000,3633652,3455760
2312102,06092011,ACTIVE,9335350,9113800,29002,1617096
2312103,30122023,ACTIVE,5525100,7366800,8073236,4097648
2312104,27032010,ACTIVE,354000,472000,6461264,4696512
2312105,17082004,ACTIVE,1762000,9016000,4502192,9336256
2312106,20062009,ACTIVE,4873300,3164400,1708460,2711152
2312107,01011900,NON-ACTIVE,0,0,0,0
2312108,19122023,ACTIVE,9453600,2604800,3410976,4547968
2312109,11122009,ACTIVE,7447400,3263200,2740584,3654112
2312110,10122000,ACTIVE,8000000,4000000,2715904,6356992
2312111,03091995,ACTIVE,8017875,690500,9802413,4747452
2312112,06072022,ACTIVE,3261600,4348800,1577952,6218496
2312113,05092008,ACTIVE,5676200,901600,4797528,6396704
2401101,02121978,ACTIVE,286200,381600,8952456,3614176
2401102,18032008,ACTIVE,1531600,8708800,1919536,9226048
2401103,10012004,ACTIVE,1152900,1537200,6302588,1736784
2401104,16012009,ACTIVE,1881200,5841600,9650288,6200384
2401105,15011985,ACTIVE,369375,492500,6938913,929452
2401106,24102012,ACTIVE,1034000,4712000,2106608,502720
2401107,25091998,ACTIVE,9274550,5699400,1197258,1596344
2402101,24041996,ACTIVE,4062800,8750400,6280624,9926464
2402102,21121999,ACTIVE,2099200,9465600,3711488,40448
2402103,20122004,ACTIVE,6434800,5246400,8868976,9830464
2402104,20082009,ACTIVE,1489600,8652800,5974592,1299456
2402105,11102010,ACTIVE,7912500,550000,4644428,9525904
2402106,02071999,ACTIVE,6952350,9269800,3709154,9956440
2402107,08062008,ACTIVE,4861200,6481600,8393712,3775680
2402108,23051998,ACTIVE,4879000,3172000,3790440,6731488
2403101,09091998,ACTIVE,820650,1094200,2620074,4829000
2403102,06022004,ACTIVE,6517200,8689600,9207504,6045760
2403103,18092003,ACTIVE,5934575,1246100,1411055,5214740
2403104,13121972,ACTIVE,9795200,6393600,7431424,6575232
2403105,14102010,ACTIVE,4037500,2050000,5924732,5411888
2404101,22032009,ACTIVE,2901525,3868700,4765717,4698524
2404102,20091985,ACTIVE,47250,63000,8207342,4276456
2404103,13112003,ACTIVE,3826425,5101900,8487303,5328460
2404104,26092008,ACTIVE,8929600,8572800,5527872,7370496
2404105,06042006,ACTIVE,7859000,3812000,8390600,2124064
2404106,29101999,ACTIVE,2105500,9474000,1299356,6743376
2404107,20042008,ACTIVE,9000800,5334400,1236640,6912
2404108,28052009,ACTIVE,7744500,326000,4616180,5479056
2404109,20062007,ACTIVE,4961350,3281800,8615494,8490872
2404110,20032008,ACTIVE,738000,984000,7246384,6328512
2404111,04022005,ACTIVE,5693250,7591000,6634050,7799464
2404112,12052000,ACTIVE,4000000,2000000,1029504,5272192
2404113,11051997,ACTIVE,9585375,2780500,910497,1213996
2404114,16062010,ACTIVE,953000,4604000,7270440,9693920
2404115,01112006,ACTIVE,3834250,1779000,3547254,3592760
2404116,09102011,ACTIVE,1047000,1396000,4054056,9561888
2404117,05102006,ACTIVE,3471500,7962000,2711436,3029616
2404118,09122009,ACTIVE,2704800,3606400,7196960,2929280
2404119,07052009,ACTIVE,4709125,2945500,8767867,8287708
2404120,13072010,ACTIVE,5030000,40000,6210288,6602816
2404121,16111999,ACTIVE,144175,6858900,575697,9090028
2404122,10112007,ACTIVE,1518550,8691400,9838634,193352
2404123,28112007,ACTIVE,3196325,7595100,9294373,9263268
2404124,11052007,ACTIVE,275500,7034000,222932,3014288
2404125,19122005,ACTIVE,7625000,3500000,3309864,554144
2404126,23012010,ACTIVE,6904500,9206000,4925388,1755248
2404127,18052010,ACTIVE,6276250,5035000,7477094,3342072
2404128,04052009,ACTIVE,3852000,5136000,459168,2289792
2404129,12042010,ACTIVE,6847000,5796000,4738408,4662112
2404130,27102003,ACTIVE,4667500,2890000,1034004,1378672
2404131,07042011,ACTIVE,3668800,1558400,4129728,3828736
2404132,15112011,ACTIVE,479900,3973200,1889308,7459120
2404133,08042008,ACTIVE,8295200,4393600,4917088,1545216
2404134,19112009,ACTIVE,5645950,4194600,4934786,1590616
2404135,27052007,ACTIVE,5816875,4422500,5868971,3808668
2404136,29012011,ACTIVE,4568200,2757600,7508744,5022560
2404137,22052010,ACTIVE,9413750,5885000,5718390,697912
2404138,21102004,ACTIVE,4674000,6232000,2420656,1571776
2404139,27022011,ACTIVE,5299850,399800,3721482,1682888
2404140,06082000,ACTIVE,8000000,4000000,348160,8808448
2405101,11032012,ACTIVE,1228700,4971600,7045348,7738032
2405102,02122012,ACTIVE,1989600,2652800,7707680,1357056
2405103,05112000,ACTIVE,950000,4600000,3927920,8570560
2405104,08102007,ACTIVE,4556000,9408000,5844896,2804096
2405105,16122011,ACTIVE,9299500,9066000,5301716,402288
2405106,21042006,ACTIVE,4824800,9766400,7486944,9982592
2405107,07042004,ACTIVE,1670400,2227200,2214912,1275648
2405108,03052009,ACTIVE,1369500,1826000,2306020,6903504
2405109,04122010,ACTIVE,5361000,7148000,3383016,3811744
2405110,07081980,ACTIVE,9580000,9440000,7725728,5311872
2405111,15042011,ACTIVE,9632800,9510400,7498784,3331712
2405112,23072007,ACTIVE,9254600,5672800,4870456,1806688
2405113,19102000,ACTIVE,4500000,6000000,3222624,4025600
2406101,10012012,ACTIVE,4812900,6417200,2552348,9908400
2406102,22032010,ACTIVE,2289500,6386000,9018588,4620080
2406103,23062011,ACTIVE,6540350,2053800,2907198,2768600
2407101,27112010,ACTIVE,418250,3891000,1774410,4043448
2407102,05082009,ACTIVE,1739800,8986400,225432,8021856
2407103,16072011,ACTIVE,5515825,4021100,4072783,3774612
2407104,26122012,ACTIVE,9939200,6585600,8369920,9504128
2407105,12122010,ACTIVE,3045000,4060000,9906168,4885792
2407106,31122002,ACTIVE,8344800,1126400,8520480,5284224
2407107,06022009,ACTIVE,2385450,3180600,1241814,3311544
2408101,16052010,ACTIVE,3628750,1505000,1398222,1864296
2408102,24102005,ACTIVE,9782500,9710000,6607972,7154864
2408103,21101999,ACTIVE,3220250,7627000,1450010,6944248
2408104,29042006,ACTIVE,9283200,2377600,2323712,8109184
2408105,21042008,ACTIVE,9912000,3216000,8147008,9115520
2408106,13102005,ACTIVE,6872500,5830000,4512948,6017264
2408107,07111990,ACTIVE,7872250,7163000,8586490,207112
2408108,21032010,ACTIVE,2383000,9844000,9734808,2979744
2408109,20122010,ACTIVE,7161000,9548000,4561064,8907680
2408110,08021995,ACTIVE,7317500,3090000,2347772,1858736
2408111,18112008,ACTIVE,1570600,8760800,1363496,6828896
2408112,14052014,ACTIVE,9468000,2624000,680736,2585216
2410101,20102024,ACTIVE,358000,7144000,5526160,4034880
2410102,02062010,ACTIVE,7279000,6372000,567144,5888672
2410103,29101981,ACTIVE,5664750,7553000,8913134,5217512
2410104,20102011,ACTIVE,7598000,3464000,5871696,8815936
2410105,21042001,ACTIVE,8089000,7452000,1094232,9781408
2410106,18032005,ACTIVE,159250,6879000,6595090,5460120
2410107,26042002,ACTIVE,1530200,5373600,4362792,5817056
2410108,26051998,ACTIVE,5219000,292000,3919048,3075232
2410109,04111998,ACTIVE,7042150,6056200,7328666,3539976
2410110,13102004,ACTIVE,6630000,8840000,8271632,6039744
2410111,02022005,ACTIVE,5868250,4491000,765478,8957560
2411101,04062006,ACTIVE,3268700,7691600,9609820,7165104
2411102,01041980,ACTIVE,2328000,3104000,9169856,5559808
2411103,19062009,ACTIVE,3436650,4582200,4834838,5187512
2411104,05082011,ACTIVE,7398400,6531200,8134400,2501632
2411105,03071998,ACTIVE,3044750,7393000,5822862,558616
2411106,23082010,ACTIVE,6566000,2088000,2665104,1875904
2411107,05082011,ACTIVE,5839700,1119600,6706516,7286256
2411108,25012004,ACTIVE,3124400,7499200,7690800,1931968
2411109,03122008,ACTIVE,5188800,6918400,9706432,8713856
2411110,18102003,ACTIVE,3347500,1130000,4299052,2398736
2411111,20052007,ACTIVE,6276375,8368500,5110935,8152716
2412101,22091991,ACTIVE,965425,7953900,4038705,5384940
2412102,18062014,ACTIVE,6630600,8840800,6595272,471264
2412103,17072003,ACTIVE,387725,3850300,3078413,884548
2412104,22081993,ACTIVE,1299200,5065600,5554048,895232
2412105,14071989,ACTIVE,4558625,9411500,1696545,2262060
2412106,23072008,ACTIVE,2441200,9921600,1296656,3384640
2412107,29072013,ACTIVE,4344775,2459700,3433031,7910708
2412108,23122010,ACTIVE,3432000,4576000,3666880,3411456
2412109,13082011,ACTIVE,2373900,3165200,4614412,2819216
2412110,27122009,ACTIVE,1846000,9128000,2520592,8294976
2412111,03042007,ACTIVE,5763600,7684800,8554640,1905344
2412112,08022001,ACTIVE,3080800,774400,3754528,3350272
2412113,04122010,ACTIVE,1677000,2236000,8002632,8992608
2501101,28112007,ACTIVE,7240275,9653700,8017197,2367164
2501102,01092008,ACTIVE,1434800,5246400,5923408,3757888
2501103,07092003,ACTIVE,2992075,656100,8779829,1605092
2501104,13051999,ACTIVE,8126000,4168000,4184880,5579840
2501105,23092005,ACTIVE,4391875,2522500,303939,6239612
2501106,07052007,SUSPENDED,0,0,0,0
2501107,09042005,ACTIVE,2313000,3084000,5779928,9362336
2501108,22102006,ACTIVE,6386000,1848000,6509232,9643456
2501109,28072009,ACTIVE,4202025,5602700,8254551,3961228
2501110,01102011,ACTIVE,9332500,9110000,7534484,1587984
2501111,21042010,ACTIVE,5398000,3864000,5563376,5893696
2501112,16012013,ACTIVE,8440200,1253600,3182968,910624
2501113,04032012,ACTIVE,7343100,9790800,8309244,1078992
2501114,08012010,ACTIVE,8175500,4234000,936972,7073136
2501115,16052007,ACTIVE,426875,3902500,8324869,6088924
2501116,24012009,ACTIVE,9437300,5916400,5275508,7955088
2502101,15042001,ACTIVE,16800,22400,8047712,4063616
2502102,15012002,ACTIVE,8789300,5052400,4782772,3601168
2502103,22022002,ACTIVE,7192900,6257200,6432452,4734928
2502104,27012007,ACTIVE,1592600,5456800,5612440,2494944
2502105,19032012,ACTIVE,6163500,8218000,4817876,8079600
2502106,24052007,ACTIVE,8148250,7531000,1716454,8955272
2502107,01022005,ACTIVE,8112750,817000,8613870,3482136
2502108,14051987,ACTIVE,83500,6778000,7831084,7108112
2502109,20022010,ACTIVE,8443500,1258000,4287212,7372048
2502110,07052000,ACTIVE,2500000,0,5255776,3674368
2502111,22111997,ACTIVE,3902275,1869700,5701699,2591364
2502112,22062009,ACTIVE,4561600,2748800,5164352,1896704
2502113,01082005,ACTIVE,296500,7062000,6731468,4336240
2502114,11042013,ACTIVE,6677600,2236800,8150752,9211904
2502115,26022011,ACTIVE,2844750,3793000,3025714,7621480
2502116,11082009,ACTIVE,2268400,9691200,2941424,9389632
2502117,09122006,ACTIVE,7760800,7014400,6415008,8553344
2502118,10122007,ACTIVE,3165400,887200,7104728,3838560
2502119,17062004,ACTIVE,4940200,3253600,5356712,475616
2502120,11022011,ACTIVE,238000,6984000,1242032,1655488
2502121,06042012,ACTIVE,1623600,2164800,6644688,9462848
2502122,22112011,ACTIVE,8459150,4612200,9761650,5285096
2502123,12072008,ACTIVE,6754600,5672800,3748520,9991072
2502124,16062009,ACTIVE,8898200,5197600,5437672,3916896
2502125,11041999,ACTIVE,8050000,7400000,1726288,9354048
2503101,25042014,ACTIVE,8685200,4913600,3095408,861888
2503102,04092005,ACTIVE,8509250,4679000,9612862,7161048
2503103,26092004,ACTIVE,9216100,8954800,2195996,383536
2503104,29112013,ACTIVE,9982400,6643200,3591232,3132544
2503105,01102005,ACTIVE,2081250,2775000,5706014,7381080
2503106,10012003,ACTIVE,3856850,8475800,4244526,985496
2504101,10032009,ACTIVE,8791525,8388700,9070949,7105500
2504102,18052007,ACTIVE,8777750,5037000,6221846,6693304
2504103,28031978,ACTIVE,9592150,9456200,2041174,7256632
2504104,25051998,ACTIVE,4682000,9576000,2483696,8322368
2504105,03102000,ACTIVE,2500000,0,5189664,8047744
2504106,06032012,ACTIVE,8122200,829600,1608744,3822560
2504107,23022008,ACTIVE,4760400,6347200,2208304,1288640
2504108,01082008,ACTIVE,9670400,6227200,136064,4807680
2504109,11042010,ACTIVE,4812000,6416000,7721312,5305984
